"Kiss my ass",complaints
"Trying too find my monthly obligations",support request
"Parent who pays support",make payment
"I would like a printout",support request
"Crystal Olive",office locations
"I'm done",gratitude
"Fuck yâ€™all",complaints
"how do I file a appeal and visatations",visitation
"i filled out papers for my child souport to be dep in my check book",support request
"The person on the request form is not an employee of ours.",change of information
"print out",support request
"at what amount do they suspend ur licence or put a warrant our for me.",enforcement
"I need to download the direct deposit application",support request
"Proof of child's support payments",support request
"How is Mississippi Child Support figured?",support request
"Is there a state policy that will affect the agency during this pandemic",support request
"All health ins?",paternity
"Child support entertainment",enforcement
"How long does it take to hear back after sending an application in",case status
"I was told I'm not complying with child support for my ebt",case status
"afraid for my life",complaints
"do not work",open case
"having problems with online",online action
"I have a contempt packet",visitation
"i need to print off the child support payments",support request
"If I don't have social what can I do",support request
"MDHS say that I owe $520.92 when I always paid C Support",support request
"Print out",support request
"I need to read the parents guide",parent cse guide
"Copy of my child support payment",support request
"My checking account has been frozen. What can I do?",support request
"Assistance from live person for unavailable payment",phone number